{
    "bom_dir":"bom",
    "company":"Brown Dog Gadgets",
    "date_create":"12 Mar 2018",
    "date_update":"21 Mar 2018",
    "description":"A Lego-compatible Crazy Circuits module",
    "email":"help@browndoggadgets.com",
    "gerbers_dir":"gerbers",
    "lib_dir":"/home/wicker/proj/CrazyCircuits/Development/library/",
    "license":"All rights reserved.",
    "projname":"Arduino-Nano-Board",
    "template_dir":"/home/wicker/proj/CrazyCircuits/Development/templates",
    "template_kicad":"crazy",
    "template_latex":"crazy.tex",
    "title":"Solar Tracker Arduino Nano Board",
    "version":"1.5",
    "website":"http://browndoggadgets.com/",
    "width_assembly_png":"50",
    "width_other_png":"50",
    "width_preview_png":"80",
    "width_schematic_png":"60"
}